<?xml version="1.0" encoding="utf-8" standalone="yes"?>
	<addon id="video.filmix.cc" name="Filmix.cc" version="0.3.0" provider-name="alkyl1978">
	<requires>
		<import addon="xbmc.python" version="2.1.0"/>
		<import addon="script.module.xbmcup" version="0.1.1"/>
	</requires>
	<extension point="xbmc.python.pluginsource" provides="video" library="addon.py">
		<provides>video</provides>
	</extension>
	<extension point="xbmc.addon.metadata">
		<summary>Filmix.Net</summary>
		<description> Filmix.Net - Вашему вниманию полнометражное кино и телесериалы, мультфильмы, трейлеры. </description>
		<platform>all</platform>
		<license>GNU GENERAL PUBLIC LICENSE. Version 2, June 1991</license>
		<forum>http://xbmc.ru/forum/showthread.php?t=11719</forum>
		<email>alkyl1978@yandex.ru</email>
	</extension>
</addon>
