<?xml version="1.0" encoding="utf-8" standalone="yes"?>
	<addon id="plugin.video.zona.video" name="Zona.Mobi" version="0.0.3" provider-name="alkyl1978">
	<requires>
		<import addon="xbmc.python" version="2.1.0"/>
		<import addon="script.module.xbmcup" version="0.1.1"/>
	</requires>
	<extension point="xbmc.python.pluginsource" provides="video" library="addon.py">
		<provides>video</provides>
	</extension>
	<extension point="xbmc.addon.metadata">
		<summary>Zona.Mobi</summary>
		<description> Zona.Video - Полнометражное кино и телесериалы </description>
		<platform>all</platform>
		<license>GNU GENERAL PUBLIC LICENSE. Version 2, June 1991</license>
		<email>alkyl1978@yandex.ru</email>
		<source>https://github.com/alkyl1978/kodi_addon</source>
	</extension>
</addon>
