<?xml version="1.0" encoding="utf-8" standalone="yes"?>
	<addon id="plugin.video.tree.tv" name="Tree.Tv" version="0.3.5" provider-name="Evgenii Devisok aka evgen_dev">
	<requires>
		<import addon="xbmc.python" version="2.1.0"/>
        <import addon="script.module.xbmcup" version="0.1.1"/>
	</requires>
	<extension point="xbmc.python.pluginsource" provides="video" library="addon.py">
		<provides>video</provides>
	</extension>
	<extension point="xbmc.addon.metadata">
		<summary>Tree.TV</summary>
		<description>
			 Tree.TV - online-сервис, предоставляющий возможность каждому желающему знакомиться с последними новинками киноиндустрии и пересматривать старые-добрые фильмы в режиме онлайн.
		</description>
		<platform>all</platform>
		<license>GNU GENERAL PUBLIC LICENSE. Version 2, June 1991</license>
		<forum></forum>
		<email>xbmc@devisok.org</email>
	</extension>
</addon>